{"cameraMode":{"drawMode":0,"name":"Shaded","section":"Shading Mode"},"sceneLighting":false,"audioPlay":false,"sceneViewState":{"m_AlwaysRefresh":true,"showFog":true,"showSkybox":true,"showFlares":true,"showImageEffects":true,"showParticleSystems":true,"showVisualEffectGraphs":true,"m_FxEnabled":true},"in2DMode":false,"pivot":{"x":739.6947021484375,"y":187.24569702148438,"z":-71.00192260742188},"rotation":{"x":0.2326364666223526,"y":0.30725327134132388,"z":-0.07773895561695099,"w":0.9194784760475159},"size":336.21661376953127,"orthographic":false}